symbol,entry_date,entry_time,prev_close,gap_pct,first_candle_high,first_candle_low,entry,sl,tp,quantity,position_value,risk_amount,exit_date,exit_time,exit_price,exit_reason,pnl_rupees,r_multiple,holding_days
360ONE,2026-06-15,2026-06-15 09:15:00,1096.8,1.19,1130.0,1106.0,1131.13,1106.0,1168.83,88,99539.44,2211.44,2026-06-18,2026-06-18 15:15:00,1140.2,TIME_EXIT,798.16,0.36,3
3MINDIA,2026-05-25,2026-05-25 09:15:00,33315.0,1.91,34300.0,33185.0,34334.3,33185.0,36058.25,2,68668.6,2298.6,2026-05-26,2026-05-26 13:15:00,33185.0,SL_HIT,-2298.6,-1.0,1
3MINDIA,2026-06-30,2026-06-30 09:15:00,32710.0,1.04,34250.0,33000.0,34284.25,33000.0,36210.62,1,34284.25,1284.25,2026-07-03,2026-07-03 15:15:00,35160.0,TIME_EXIT,875.75,0.68,3
ACMESOLAR,2026-06-01,2026-06-01 09:15:00,310.1,1.26,324.4,311.3,324.72,311.3,344.85,186,60397.92,2496.12,2026-06-02,2026-06-02 09:15:00,311.3,SL_HIT,-2496.12,-1.0,1
ACMESOLAR,2026-06-05,2026-06-05 09:15:00,345.85,1.2,359.0,346.5,359.36,346.5,378.65,194,69715.84,2494.84,2026-06-08,2026-06-08 09:15:00,346.5,SL_HIT,-2494.84,-1.0,3
AIAENG,2026-05-25,2026-05-25 09:15:00,3994.0,1.05,4090.0,3997.5,4094.09,3997.5,4238.98,24,98258.16,2318.16,2026-05-26,2026-05-26 09:15:00,3997.5,SL_HIT,-2318.16,-1.0,1
AIAENG,2026-06-05,2026-06-05 09:15:00,4596.5,2.03,4760.0,4648.3,4764.76,4648.3,4939.45,20,95295.2,2329.2,2026-06-08,2026-06-08 09:15:00,4648.3,SL_HIT,-2329.2,-1.0,3
AADHARHFC,2026-06-15,2026-06-15 09:15:00,473.65,1.55,490.8,481.0,491.29,481.0,506.73,203,99731.87,2088.87,2026-06-18,2026-06-18 15:15:00,487.0,TIME_EXIT,-870.87,-0.42,3
AARTIIND,2026-06-15,2026-06-15 09:15:00,440.6,1.68,458.35,448.0,458.81,448.0,475.02,217,99561.77,2345.77,2026-06-16,2026-06-16 09:15:00,475.02,TP_HIT,3517.57,1.5,1
AAVAS,2026-06-12,2026-06-12 09:15:00,1328.2,2.39,1428.0,1353.4,1429.43,1353.4,1543.47,32,45741.76,2432.96,2026-06-15,2026-06-15 15:15:00,1393.1,TIME_EXIT,-1162.56,-0.48,3
ACE,2026-06-12,2026-06-12 09:15:00,891.95,1.35,916.8,896.45,917.72,896.45,949.62,108,99113.76,2297.16,2026-06-15,2026-06-15 09:15:00,949.62,TP_HIT,3445.2,1.5,3
ACE,2026-06-15,2026-06-15 09:15:00,931.05,1.28,953.0,942.5,953.95,942.5,971.13,104,99210.8,1190.8,2026-06-16,2026-06-16 09:15:00,942.5,SL_HIT,-1190.8,-1.0,1
ADANIENSOL,2026-05-22,2026-05-22 09:15:00,1342.2,1.7,1391.8,1363.1,1393.19,1363.1,1438.33,71,98916.49,2136.39,2026-05-25,2026-05-25 09:15:00,1363.1,SL_HIT,-2136.39,-1.0,3
ADANIENSOL,2026-05-27,2026-05-27 09:15:00,1463.3,1.48,1522.0,1475.1,1523.52,1475.1,1596.15,51,77699.52,2469.42,2026-06-01,2026-06-01 15:15:00,1495.2,TIME_EXIT,-1444.32,-0.58,5
ADANIENT,2026-05-14,2026-05-14 09:15:00,2498.0,1.29,2647.4,2530.0,2650.05,2530.0,2830.13,20,53001.0,2401.0,2026-05-18,2026-05-18 15:15:00,2686.7,TIME_EXIT,733.0,0.31,4
ADANIENT,2026-05-19,2026-05-19 09:15:00,2689.8,1.67,2774.5,2726.1,2777.27,2726.1,2854.03,36,99981.72,1842.12,2026-05-20,2026-05-20 09:15:00,2726.1,SL_HIT,-1842.12,-1.0,1
ADANIGREEN,2026-05-19,2026-05-19 09:15:00,1369.0,1.53,1441.0,1377.1,1442.44,1377.1,1540.45,38,54812.72,2482.92,2026-05-20,2026-05-20 09:15:00,1377.1,SL_HIT,-2482.92,-1.0,1
ADANIGREEN,2026-05-27,2026-05-27 09:15:00,1457.4,1.0,1518.0,1467.0,1519.52,1467.0,1598.3,47,71417.44,2468.44,2026-05-29,2026-05-29 15:15:00,1467.0,SL_HIT,-2468.44,-1.0,2
ADANIPORTS,2026-05-15,2026-05-15 09:15:00,1773.4,1.32,1816.2,1766.2,1818.02,1766.2,1895.75,48,87264.96,2487.36,2026-05-18,2026-05-18 09:15:00,1766.2,SL_HIT,-2487.36,-1.0,3
ADANIPOWER,2026-05-27,2026-05-27 09:15:00,244.53,1.26,250.45,245.5,250.7,245.5,258.5,398,99778.6,2069.6,2026-05-29,2026-05-29 11:15:00,245.5,SL_HIT,-2069.6,-1.0,2
ATGL,2026-05-19,2026-05-19 09:15:00,610.1,2.17,635.8,614.4,636.44,614.4,669.5,113,71917.72,2490.52,2026-05-20,2026-05-20 09:15:00,614.4,SL_HIT,-2490.52,-1.0,1
ATGL,2026-05-29,2026-05-29 09:15:00,808.55,1.65,859.85,821.15,860.71,821.15,920.05,63,54224.73,2492.28,2026-06-01,2026-06-01 09:15:00,821.15,SL_HIT,-2492.28,-1.0,3
ABCAPITAL,2026-05-06,2026-05-06 09:15:00,360.85,1.15,372.5,364.5,372.87,364.5,385.43,268,99929.16,2243.16,2026-05-08,2026-05-08 09:15:00,364.5,SL_HIT,-2243.16,-1.0,2
ABLBL,2026-05-07,2026-05-07 09:15:00,107.6,2.23,117.9,110.0,118.02,110.0,130.05,311,36704.22,2494.22,2026-05-08,2026-05-08 09:15:00,110.0,SL_HIT,-2494.22,-1.0,1
ABREL,2026-07-02,2026-07-02 09:15:00,1396.0,1.17,1444.0,1404.0,1445.44,1404.0,1507.6,60,86726.4,2486.4,2026-07-03,2026-07-03 13:15:00,1404.0,SL_HIT,-2486.4,-1.0,1
ABSLAMC,2026-06-22,2026-06-22 09:15:00,1180.6,1.08,1224.9,1189.7,1226.12,1189.7,1280.75,68,83376.16,2476.56,2026-06-23,2026-06-23 09:15:00,1189.7,SL_HIT,-2476.56,-1.0,1
CPPLUS,2026-05-25,2026-05-25 09:15:00,2416.0,1.4,2602.0,2442.2,2604.6,2442.2,2848.2,15,39069.0,2436.0,2026-05-29,2026-05-29 09:15:00,2848.2,TP_HIT,3654.0,1.5,4
AEGISLOG,2026-06-10,2026-06-10 09:15:00,782.65,1.19,832.9,787.1,833.73,787.1,903.67,53,44187.69,2471.39,2026-06-11,2026-06-11 11:15:00,903.67,TP_HIT,3706.82,1.5,1
AEGISLOG,2026-06-25,2026-06-25 09:15:00,1062.9,1.03,1106.3,1057.2,1107.41,1057.2,1182.73,49,54263.09,2460.29,2026-06-29,2026-06-29 09:15:00,1182.73,TP_HIT,3690.68,1.5,4
AEGISVOPAK,2026-05-07,2026-05-07 09:15:00,201.06,1.91,211.45,201.2,211.66,201.2,227.35,239,50586.74,2499.94,2026-05-11,2026-05-11 15:15:00,211.8,TIME_EXIT,33.46,0.01,4
AEGISVOPAK,2026-06-12,2026-06-12 09:15:00,199.14,2.94,214.04,202.51,214.25,202.51,231.86,212,45421.0,2488.88,2026-06-15,2026-06-15 15:15:00,231.86,TP_HIT,3733.32,1.5,3
AJANTPHARM,2026-05-06,2026-05-06 09:15:00,2897.6,2.09,3022.5,2924.9,3025.52,2924.9,3176.45,24,72612.48,2414.88,2026-05-11,2026-05-11 15:15:00,3051.2,TIME_EXIT,616.32,0.26,5
ALKEM,2026-05-29,2026-05-29 09:15:00,5451.5,2.32,5789.0,5578.0,5794.79,5578.0,6119.98,11,63742.69,2384.69,2026-06-01,2026-06-01 09:15:00,5578.0,SL_HIT,-2384.69,-1.0,3
ABDL,2026-05-07,2026-05-07 09:15:00,544.8,1.51,572.0,552.2,572.57,552.2,603.12,122,69853.54,2485.14,2026-05-11,2026-05-11 15:15:00,588.25,TIME_EXIT,1912.96,0.77,4
ARE&M,2026-05-26,2026-05-26 09:15:00,883.4,1.09,924.3,890.0,925.22,890.0,978.05,70,64765.4,2465.4,2026-05-27,2026-05-27 09:15:00,890.0,SL_HIT,-2465.4,-1.0,1
AMBER,2026-05-21,2026-05-21 09:15:00,7049.5,1.43,7263.0,7120.0,7270.26,7120.0,7495.65,13,94513.38,1953.38,2026-05-22,2026-05-22 09:15:00,7495.65,TP_HIT,2930.07,1.5,1
ANANDRATHI,2026-06-22,2026-06-22 09:15:00,1867.5,1.74,1940.0,1863.1,1941.94,1863.1,2060.2,31,60200.14,2444.04,2026-06-25,2026-06-25 11:15:00,1863.1,SL_HIT,-2444.04,-1.0,3
ANANTRAJ,2026-05-06,2026-05-06 09:15:00,520.45,1.07,535.75,525.1,536.29,525.1,553.07,186,99749.94,2081.34,2026-05-07,2026-05-07 09:15:00,553.07,TP_HIT,3121.08,1.5,1
ANANTRAJ,2026-06-01,2026-06-01 09:15:00,514.15,1.53,548.65,517.0,549.2,517.0,597.5,77,42288.4,2479.4,2026-06-04,2026-06-04 15:15:00,591.0,TIME_EXIT,3218.6,1.3,3
ANGELONE,2026-06-15,2026-06-15 09:15:00,339.5,1.33,354.0,342.85,354.35,342.85,371.6,217,76893.95,2495.5,2026-06-18,2026-06-18 15:15:00,353.8,TIME_EXIT,-119.35,-0.05,3
ANTHEM,2026-05-20,2026-05-20 09:15:00,787.35,1.73,819.65,796.6,820.47,796.6,856.28,104,85328.88,2482.48,2026-05-21,2026-05-21 09:15:00,796.6,SL_HIT,-2482.48,-1.0,1
ANTHEM,2026-06-18,2026-06-18 09:15:00,767.5,2.27,811.0,784.95,811.81,784.95,852.1,93,75498.33,2497.98,2026-06-19,2026-06-19 14:15:00,784.95,SL_HIT,-2497.98,-1.0,1
ANTHEM,2026-07-02,2026-07-02 09:15:00,763.1,1.09,780.0,771.3,780.78,771.3,795.0,128,99939.84,1213.44,2026-07-03,2026-07-03 10:15:00,771.3,SL_HIT,-1213.44,-1.0,1
APARINDS,2026-06-12,2026-06-12 09:15:00,14551.0,1.87,15243.0,14733.0,15258.24,14733.0,16046.1,4,61032.96,2100.96,2026-06-15,2026-06-15 09:15:00,16046.1,TP_HIT,3151.44,1.5,3
APARINDS,2026-06-15,2026-06-15 09:15:00,15221.0,2.49,16106.0,15373.0,16122.11,15373.0,17245.78,3,48366.33,2247.33,2026-06-18,2026-06-18 15:15:00,15700.0,TIME_EXIT,-1266.33,-0.56,3
APARINDS,2026-06-23,2026-06-23 09:15:00,16172.0,1.29,16736.0,16368.0,16752.74,16368.0,17329.85,5,83763.7,1923.7,2026-06-25,2026-06-25 10:15:00,16368.0,SL_HIT,-1923.7,-1.0,2
APOLLOHOSP,2026-05-21,2026-05-21 09:15:00,8078.5,1.49,8388.0,8051.5,8396.39,8051.5,8913.72,7,58774.73,2414.23,2026-05-25,2026-05-25 15:15:00,8400.0,TIME_EXIT,25.27,0.01,4
APOLLOTYRE,2026-06-17,2026-06-17 09:15:00,416.45,1.81,431.15,421.15,431.58,421.15,447.23,231,99694.98,2409.33,2026-06-19,2026-06-19 14:15:00,421.15,SL_HIT,-2409.33,-1.0,2
APTUS,2026-05-07,2026-05-07 09:15:00,267.4,1.72,293.9,270.15,294.19,270.15,330.25,103,30301.57,2476.12,2026-05-11,2026-05-11 15:15:00,284.2,TIME_EXIT,-1028.97,-0.42,4
ASIANPAINT,2026-05-13,2026-05-13 09:15:00,2505.5,1.94,2620.7,2554.0,2623.32,2554.0,2727.3,36,94439.52,2495.52,2026-05-18,2026-05-18 15:15:00,2605.6,TIME_EXIT,-637.92,-0.26,5
ASIANPAINT,2026-06-01,2026-06-01 09:15:00,2671.6,2.28,2778.8,2713.1,2781.58,2713.1,2884.3,35,97355.3,2396.8,2026-06-02,2026-06-02 09:15:00,2713.1,SL_HIT,-2396.8,-1.0,1
ATHERENERG,2026-05-29,2026-05-29 09:15:00,955.5,1.51,1000.0,961.25,1001.0,961.25,1060.62,62,62062.0,2464.5,2026-06-01,2026-06-01 09:15:00,961.25,SL_HIT,-2464.5,-1.0,3
AIIL,2026-05-14,2026-05-14 09:15:00,478.5,1.46,496.0,482.0,496.5,482.0,518.25,172,85398.0,2494.0,2026-05-18,2026-05-18 15:15:00,497.5,TIME_EXIT,172.0,0.07,4
AIIL,2026-06-12,2026-06-12 09:15:00,459.95,1.95,514.0,467.7,514.51,467.7,584.73,53,27269.03,2480.93,2026-06-15,2026-06-15 15:15:00,560.95,TIME_EXIT,2461.32,0.99,3
BSE,2026-06-15,2026-06-15 09:15:00,4041.1,2.69,4192.3,4048.0,4196.49,4048.0,4419.22,16,67143.84,2375.84,2026-06-17,2026-06-17 11:15:00,4048.0,SL_HIT,-2375.84,-1.0,2
BAJFINANCE,2026-05-25,2026-05-25 09:15:00,916.55,1.04,939.45,924.45,940.39,924.45,964.3,106,99681.34,1689.64,2026-05-27,2026-05-27 09:15:00,924.45,SL_HIT,-1689.64,-1.0,2
BAJFINANCE,2026-06-15,2026-06-15 09:15:00,918.3,2.58,957.0,940.95,957.96,940.95,983.48,104,99627.84,1769.04,2026-06-18,2026-06-18 15:15:00,958.7,TIME_EXIT,76.96,0.04,3
BAJAJHLDNG,2026-05-06,2026-05-06 09:15:00,10469.0,1.25,10798.0,10528.0,10808.8,10528.0,11230.0,8,86470.4,2246.4,2026-05-08,2026-05-08 09:15:00,10528.0,SL_HIT,-2246.4,-1.0,2
BALRAMCHIN,2026-06-11,2026-06-11 09:15:00,536.55,1.02,551.75,541.05,552.3,541.05,569.17,181,99966.3,2036.25,2026-06-12,2026-06-12 09:15:00,541.05,SL_HIT,-2036.25,-1.0,1
BALRAMCHIN,2026-06-15,2026-06-15 09:15:00,539.95,2.77,570.0,551.35,570.57,551.35,599.4,130,74174.1,2498.6,2026-06-17,2026-06-17 09:15:00,551.35,SL_HIT,-2498.6,-1.0,2
BANDHANBNK,2026-06-15,2026-06-15 09:15:00,204.6,1.66,212.5,208.0,212.71,208.0,219.78,470,99973.7,2213.7,2026-06-16,2026-06-16 11:15:00,208.0,SL_HIT,-2213.7,-1.0,1
MAHABANK,2026-05-06,2026-05-06 09:15:00,81.24,1.24,84.15,82.14,84.23,82.14,87.37,1187,99981.01,2480.83,2026-05-11,2026-05-11 09:15:00,82.14,SL_HIT,-2480.83,-1.0,5
MAHABANK,2026-06-15,2026-06-15 09:15:00,87.3,1.5,91.1,88.5,91.19,88.5,95.22,929,84715.51,2499.01,2026-06-16,2026-06-16 09:15:00,88.5,SL_HIT,-2499.01,-1.0,1
BELRISE,2026-05-06,2026-05-06 09:15:00,213.26,1.03,222.75,214.54,222.97,214.54,235.62,296,65999.12,2495.28,2026-05-11,2026-05-11 15:15:00,218.5,TIME_EXIT,-1323.12,-0.53,5
BELRISE,2026-05-21,2026-05-21 09:15:00,209.98,1.06,216.5,211.55,216.72,211.55,224.47,461,99907.92,2383.37,2026-05-25,2026-05-25 09:15:00,211.55,SL_HIT,-2383.37,-1.0,4
BELRISE,2026-06-09,2026-06-09 09:15:00,215.72,2.58,233.15,221.28,233.38,221.28,251.53,206,48076.28,2492.6,2026-06-11,2026-06-11 09:15:00,221.28,SL_HIT,-2492.6,-1.0,2
BELRISE,2026-06-15,2026-06-15 09:15:00,228.23,1.22,239.2,231.0,239.44,231.0,252.1,296,70874.24,2498.24,2026-06-18,2026-06-18 15:15:00,239.0,TIME_EXIT,-130.24,-0.05,3
BERGEPAINT,2026-05-13,2026-05-13 09:15:00,488.1,3.46,533.35,504.95,533.88,504.95,577.27,86,45913.68,2487.98,2026-05-18,2026-05-18 15:15:00,525.0,TIME_EXIT,-763.68,-0.31,5
BHARATFORG,2026-06-15,2026-06-15 09:15:00,1945.1,1.36,1984.4,1954.8,1986.38,1954.8,2033.75,50,99319.0,1579.0,2026-06-16,2026-06-16 09:15:00,2033.75,TP_HIT,2368.5,1.5,1
BPCL,2026-06-17,2026-06-17 09:15:00,312.1,1.25,319.35,315.3,319.67,315.3,326.23,312,99737.04,1363.44,2026-06-18,2026-06-18 14:15:00,315.3,SL_HIT,-1363.44,-1.0,1
GROWW,2026-05-13,2026-05-13 09:15:00,183.09,1.04,192.3,184.56,192.49,184.56,204.39,315,60634.35,2497.95,2026-05-14,2026-05-14 09:15:00,184.56,SL_HIT,-2497.95,-1.0,1
GROWW,2026-06-15,2026-06-15 09:15:00,198.97,1.98,206.79,198.81,207.0,198.81,219.28,305,63135.0,2497.95,2026-06-16,2026-06-16 10:15:00,198.81,SL_HIT,-2497.95,-1.0,1
BIOCON,2026-05-06,2026-05-06 09:15:00,368.25,1.24,382.55,371.05,382.93,371.05,400.75,210,80415.3,2494.8,2026-05-11,2026-05-11 15:15:00,392.05,TIME_EXIT,1915.2,0.77,5
BOSCHLTD,2026-06-12,2026-06-12 09:15:00,37565.0,2.01,39450.0,38310.0,39489.45,38310.0,41258.62,2,78978.9,2358.9,2026-06-15,2026-06-15 15:15:00,39025.0,TIME_EXIT,-928.9,-0.39,3
BRIGADE,2026-06-17,2026-06-17 09:15:00,540.2,3.61,595.95,555.05,596.55,555.05,658.8,60,35793.0,2490.0,2026-06-18,2026-06-18 09:15:00,555.05,SL_HIT,-2490.0,-1.0,1
CESC,2026-05-25,2026-05-25 09:15:00,177.22,1.57,186.49,180.0,186.68,180.0,196.7,374,69818.32,2498.32,2026-05-29,2026-05-29 15:15:00,181.55,TIME_EXIT,-1918.62,-0.77,4
CGPOWER,2026-05-07,2026-05-07 09:15:00,828.9,1.52,863.8,830.05,864.66,830.05,916.58,72,62255.52,2491.92,2026-05-11,2026-05-11 15:15:00,858.2,TIME_EXIT,-465.12,-0.19,4
CARTRADE,2026-06-03,2026-06-03 09:15:00,1795.0,3.18,1930.8,1823.3,1932.73,1823.3,2096.88,22,42520.06,2407.46,2026-06-08,2026-06-08 15:15:00,2072.0,TIME_EXIT,3063.94,1.27,5
CASTROLIND,2026-06-15,2026-06-15 09:15:00,182.68,1.26,186.9,184.5,187.09,184.5,190.98,534,99906.06,1383.06,2026-06-16,2026-06-16 14:15:00,184.5,SL_HIT,-1383.06,-1.0,1
CEATLTD,2026-06-15,2026-06-15 09:15:00,3334.3,2.57,3471.9,3401.3,3475.37,3401.3,3586.47,28,97310.36,2073.96,2026-06-16,2026-06-16 13:15:00,3401.3,SL_HIT,-2073.96,-1.0,1
CEMPRO,2026-06-09,2026-06-09 09:15:00,1094.4,2.0,1181.9,1104.5,1183.08,1104.5,1300.95,31,36675.48,2435.98,2026-06-12,2026-06-12 15:15:00,1128.7,TIME_EXIT,-1685.78,-0.69,3
CHAMBLFERT,2026-05-15,2026-05-15 09:15:00,424.6,2.78,448.9,431.05,449.35,431.05,476.8,136,61111.6,2488.8,2026-05-18,2026-05-18 15:15:00,457.8,TIME_EXIT,1149.2,0.46,3
CHAMBLFERT,2026-06-10,2026-06-10 09:15:00,454.75,1.37,477.0,460.0,477.48,460.0,503.7,143,68279.64,2499.64,2026-06-15,2026-06-15 15:15:00,475.0,TIME_EXIT,-354.64,-0.14,5
CHENNPETRO,2026-06-15,2026-06-15 09:15:00,1137.7,1.78,1214.0,1155.0,1215.21,1155.0,1305.53,41,49823.61,2468.61,2026-06-18,2026-06-18 09:15:00,1155.0,SL_HIT,-2468.61,-1.0,3
CHOICEIN,2026-06-15,2026-06-15 09:15:00,673.5,1.71,697.0,685.0,697.7,685.0,716.75,143,99771.1,1816.1,2026-06-17,2026-06-17 09:15:00,716.75,TP_HIT,2724.15,1.5,2
CHOICEIN,2026-06-30,2026-06-30 09:15:00,745.2,1.05,755.9,749.5,756.66,749.5,767.4,132,99879.12,945.12,2026-07-02,2026-07-02 09:15:00,767.4,TP_HIT,1417.68,1.5,2
CHOLAFIN,2026-06-15,2026-06-15 09:15:00,1568.1,2.67,1659.0,1607.3,1660.66,1607.3,1740.7,46,76390.36,2454.56,2026-06-18,2026-06-18 15:15:00,1691.6,TIME_EXIT,1423.24,0.58,3
CIPLA,2026-05-14,2026-05-14 09:15:00,1327.6,2.61,1432.1,1362.2,1433.53,1362.2,1540.52,35,50173.55,2496.55,2026-05-18,2026-05-18 15:15:00,1427.5,TIME_EXIT,-211.05,-0.08,4
CIPLA,2026-06-22,2026-06-22 09:15:00,1351.8,1.49,1403.0,1370.6,1404.4,1370.6,1455.1,71,99712.4,2399.8,2026-06-23,2026-06-23 10:15:00,1455.1,TP_HIT,3599.7,1.5,1
CUB,2026-06-12,2026-06-12 09:15:00,192.6,2.49,202.1,196.5,202.3,196.5,211.0,431,87191.3,2499.8,2026-06-15,2026-06-15 15:15:00,199.3,TIME_EXIT,-1293.0,-0.52,3
CLEAN,2026-05-07,2026-05-07 09:15:00,859.15,1.23,875.35,860.1,876.23,860.1,900.42,114,99890.22,1838.82,2026-05-11,2026-05-11 15:15:00,860.1,SL_HIT,-1838.82,-1.0,4
COFORGE,2026-05-19,2026-05-19 09:15:00,1348.1,1.25,1420.0,1360.3,1421.42,1360.3,1513.1,40,56856.8,2444.8,2026-05-22,2026-05-22 15:15:00,1383.0,TIME_EXIT,-1536.8,-0.63,3
COFORGE,2026-06-01,2026-06-01 09:15:00,1421.8,1.15,1477.4,1438.1,1478.88,1438.1,1540.05,61,90211.68,2487.58,2026-06-02,2026-06-02 10:15:00,1540.05,TP_HIT,3731.37,1.5,1
COFORGE,2026-06-16,2026-06-16 09:15:00,1402.5,1.24,1444.7,1405.1,1446.14,1405.1,1507.7,60,86768.4,2462.4,2026-06-19,2026-06-19 09:15:00,1405.1,SL_HIT,-2462.4,-1.0,3
COHANCE,2026-05-06,2026-05-06 09:15:00,454.15,1.07,499.0,459.0,499.5,459.0,560.25,61,30469.5,2470.5,2026-05-11,2026-05-11 15:15:00,479.0,TIME_EXIT,-1250.5,-0.51,5
CAMS,2026-05-25,2026-05-25 09:15:00,757.2,1.05,778.6,765.15,779.38,765.15,800.73,128,99760.64,1821.44,2026-05-26,2026-05-26 09:15:00,765.15,SL_HIT,-1821.44,-1.0,1
CAMS,2026-06-15,2026-06-15 09:15:00,757.55,1.38,785.8,768.0,786.59,768.0,814.48,127,99896.93,2360.93,2026-06-18,2026-06-18 09:15:00,814.48,TP_HIT,3542.03,1.5,3
DCMSHRIRAM,2026-05-06,2026-05-06 09:15:00,1245.2,1.27,1315.1,1236.4,1316.42,1236.4,1436.45,31,40809.02,2480.62,2026-05-08,2026-05-08 13:15:00,1236.4,SL_HIT,-2480.62,-1.0,2
DLF,2026-06-15,2026-06-15 09:15:00,587.05,2.38,607.15,598.3,607.76,598.3,621.95,164,99672.64,1551.44,2026-06-16,2026-06-16 09:15:00,621.95,TP_HIT,2327.16,1.5,1
DATAPATTNS,2026-05-21,2026-05-21 09:15:00,3834.1,1.98,4007.9,3885.2,4011.91,3885.2,4201.98,19,76226.29,2407.49,2026-05-25,2026-05-25 15:15:00,4095.1,TIME_EXIT,1580.61,0.66,4
DATAPATTNS,2026-06-12,2026-06-12 09:15:00,4205.0,2.02,4370.0,4253.5,4374.37,4253.5,4555.67,20,87487.4,2417.4,2026-06-15,2026-06-15 09:15:00,4555.67,TP_HIT,3626.0,1.5,3
DEEPAKFERT,2026-06-01,2026-06-01 09:15:00,1410.1,1.09,1474.6,1425.4,1476.07,1425.4,1552.07,49,72327.43,2482.83,2026-06-02,2026-06-02 09:15:00,1425.4,SL_HIT,-2482.83,-1.0,1
DEEPAKNTR,2026-05-19,2026-05-19 09:15:00,1748.5,1.14,1860.0,1760.1,1861.86,1760.1,2014.5,24,44684.64,2442.24,2026-05-21,2026-05-21 14:15:00,1760.1,SL_HIT,-2442.24,-1.0,2
DELHIVERY,2026-06-22,2026-06-22 09:15:00,461.1,1.17,472.5,466.0,472.97,466.0,483.43,211,99796.67,1470.67,2026-06-23,2026-06-23 09:15:00,483.43,TP_HIT,2207.06,1.5,1
DIXON,2026-06-15,2026-06-15 09:15:00,11546.0,1.35,11990.0,11656.0,12001.99,11656.0,12520.97,7,84013.93,2421.93,2026-06-17,2026-06-17 09:15:00,12520.97,TP_HIT,3632.86,1.5,2
DRREDDY,2026-06-29,2026-06-29 09:15:00,1350.5,2.81,1414.0,1355.8,1415.41,1355.8,1504.83,41,58031.81,2444.01,2026-06-30,2026-06-30 09:15:00,1355.8,SL_HIT,-2444.01,-1.0,1
EICHERMOT,2026-05-25,2026-05-25 09:15:00,6981.5,3.66,7388.5,7215.0,7395.89,7215.0,7667.23,13,96146.57,2351.57,2026-05-29,2026-05-29 12:15:00,7215.0,SL_HIT,-2351.57,-1.0,4
ELECON,2026-05-22,2026-05-22 09:15:00,504.15,1.14,539.5,508.0,540.04,508.0,588.1,78,42123.12,2499.12,2026-05-25,2026-05-25 15:15:00,545.3,TIME_EXIT,410.28,0.16,3
ELECON,2026-06-12,2026-06-12 09:15:00,528.1,1.27,547.0,534.8,547.55,534.8,566.67,182,99654.1,2320.5,2026-06-15,2026-06-15 09:15:00,534.8,SL_HIT,-2320.5,-1.0,3
EMCURE,2026-06-09,2026-06-09 09:15:00,1719.6,1.77,1794.8,1750.0,1796.59,1750.0,1866.47,53,95219.27,2469.27,2026-06-10,2026-06-10 14:15:00,1750.0,SL_HIT,-2469.27,-1.0,1
EMCURE,2026-06-23,2026-06-23 09:15:00,1791.0,1.57,1902.7,1819.2,1904.6,1819.2,2032.7,29,55233.4,2476.6,2026-06-24,2026-06-24 10:15:00,1819.2,SL_HIT,-2476.6,-1.0,1
EMMVEE,2026-05-25,2026-05-25 09:15:00,264.3,1.59,277.7,265.25,277.98,265.25,297.08,196,54484.08,2495.08,2026-05-26,2026-05-26 09:15:00,297.08,TP_HIT,3743.6,1.5,1
EMMVEE,2026-05-26,2026-05-26 09:15:00,290.25,1.38,302.5,292.15,302.8,292.15,318.78,234,70855.2,2492.1,2026-05-29,2026-05-29 09:15:00,318.78,TP_HIT,3739.32,1.5,3
EMMVEE,2026-06-04,2026-06-04 09:15:00,327.7,1.01,341.35,328.2,341.69,328.2,361.93,185,63212.65,2495.65,2026-06-05,2026-06-05 10:15:00,328.2,SL_HIT,-2495.65,-1.0,1
ENDURANCE,2026-05-25,2026-05-25 09:15:00,2721.8,1.26,2785.0,2748.2,2787.78,2748.2,2847.15,35,97572.3,1385.3,2026-05-26,2026-05-26 09:15:00,2748.2,SL_HIT,-1385.3,-1.0,1
ENGINERSIN,2026-05-25,2026-05-25 09:15:00,216.0,1.48,225.0,216.65,225.22,216.65,238.07,291,65539.02,2493.87,2026-05-27,2026-05-27 09:15:00,238.07,TP_HIT,3739.35,1.5,2
FACT,2026-06-10,2026-06-10 09:15:00,876.05,1.39,929.0,888.25,929.93,888.25,992.45,59,54865.87,2459.12,2026-06-11,2026-06-11 09:15:00,888.25,SL_HIT,-2459.12,-1.0,1
FACT,2026-06-12,2026-06-12 09:15:00,889.2,1.44,909.3,886.7,910.21,886.7,945.48,106,96482.26,2492.06,2026-06-15,2026-06-15 15:15:00,906.75,TIME_EXIT,-366.76,-0.15,3
FINCABLES,2026-05-25,2026-05-25 09:15:00,1031.2,1.63,1088.6,1041.5,1089.69,1041.5,1161.98,51,55574.19,2457.69,2026-05-27,2026-05-27 12:15:00,1161.98,TP_HIT,3686.79,1.5,2
FINCABLES,2026-06-22,2026-06-22 09:15:00,1164.3,1.18,1200.0,1162.1,1201.2,1162.1,1259.85,63,75675.6,2463.3,2026-06-23,2026-06-23 11:15:00,1162.1,SL_HIT,-2463.3,-1.0,1
FSL,2026-05-25,2026-05-25 09:15:00,268.6,1.27,282.05,266.02,282.33,266.02,306.79,153,43196.49,2495.43,2026-05-27,2026-05-27 09:15:00,266.02,SL_HIT,-2495.43,-1.0,2
FIVESTAR,2026-06-15,2026-06-15 09:15:00,439.15,4.29,475.2,450.25,475.68,450.25,513.83,98,46616.64,2492.14,2026-06-18,2026-06-18 12:15:00,513.83,TP_HIT,3738.7,1.5,3
GAIL,2026-05-25,2026-05-25 09:15:00,160.77,1.34,170.5,162.7,170.67,162.7,182.62,313,53419.71,2494.61,2026-05-29,2026-05-29 15:15:00,165.81,TIME_EXIT,-1521.18,-0.61,4
GAIL,2026-06-15,2026-06-15 09:15:00,170.5,1.47,176.3,172.11,176.48,172.11,183.03,566,99887.68,2473.42,2026-06-18,2026-06-18 15:15:00,176.0,TIME_EXIT,-271.68,-0.11,3
GVT&D,2026-05-20,2026-05-20 09:15:00,4385.3,1.48,4778.9,4414.3,4783.68,4414.3,5337.75,6,28702.08,2216.28,2026-05-25,2026-05-25 15:15:00,4770.0,TIME_EXIT,-82.08,-0.04,5
GMRAIRPORT,2026-05-29,2026-05-29 09:15:00,97.84,4.25,104.14,99.56,104.24,99.56,111.26,534,55664.16,2499.12,2026-06-01,2026-06-01 09:15:00,99.56,SL_HIT,-2499.12,-1.0,3
GMRAIRPORT,2026-06-16,2026-06-16 09:15:00,106.66,1.13,110.5,107.63,110.61,107.63,115.08,838,92691.18,2497.24,2026-06-17,2026-06-17 09:15:00,107.63,SL_HIT,-2497.24,-1.0,1
GABRIEL,2026-06-15,2026-06-15 09:15:00,1040.6,2.06,1083.2,1055.7,1084.28,1055.7,1127.15,87,94332.36,2486.46,2026-06-16,2026-06-16 09:15:00,1127.15,TP_HIT,3729.69,1.5,1
GABRIEL,2026-06-22,2026-06-22 09:15:00,1197.4,1.47,1234.0,1209.0,1235.23,1209.0,1274.58,80,98818.4,2098.4,2026-06-23,2026-06-23 15:15:00,1209.0,SL_HIT,-2098.4,-1.0,1
GRSE,2026-06-22,2026-06-22 09:15:00,2798.3,2.24,2934.7,2861.0,2937.63,2861.0,3052.58,32,94004.16,2452.16,2026-06-23,2026-06-23 09:15:00,2861.0,SL_HIT,-2452.16,-1.0,1
MEDANTA,2026-05-15,2026-05-15 09:15:00,1211.9,1.82,1243.9,1220.9,1245.14,1220.9,1281.5,80,99611.2,1939.2,2026-05-18,2026-05-18 10:15:00,1220.9,SL_HIT,-1939.2,-1.0,3
GPIL,2026-05-20,2026-05-20 09:15:00,290.55,3.24,307.0,291.5,307.31,291.5,331.02,158,48554.98,2497.98,2026-05-22,2026-05-22 09:15:00,291.5,SL_HIT,-2497.98,-1.0,2
GODREJIND,2026-05-14,2026-05-14 09:15:00,1073.15,1.15,1198.4,1078.0,1199.6,1078.0,1382.0,20,23992.0,2432.0,2026-05-18,2026-05-18 15:15:00,1156.05,TIME_EXIT,-871.0,-0.36,4
GODREJPROP,2026-06-15,2026-06-15 09:15:00,1691.4,2.1,1785.6,1723.2,1787.39,1723.2,1883.68,38,67920.82,2439.22,2026-06-18,2026-06-18 15:15:00,1811.0,TIME_EXIT,897.18,0.37,3
GRANULES,2026-06-23,2026-06-23 09:15:00,778.4,1.36,803.9,786.2,804.7,786.2,832.45,124,99782.8,2294.0,2026-06-24,2026-06-24 09:15:00,786.2,SL_HIT,-2294.0,-1.0,1
GRASIM,2026-05-21,2026-05-21 09:15:00,2971.1,3.02,3103.5,3021.0,3106.6,3021.0,3235.0,29,90091.4,2482.4,2026-05-25,2026-05-25 15:15:00,3172.0,TIME_EXIT,1896.6,0.76,4
GRAVITA,2026-05-06,2026-05-06 09:15:00,1722.3,1.61,1779.1,1736.4,1780.88,1736.4,1847.6,56,99729.28,2490.88,2026-05-08,2026-05-08 09:15:00,1736.4,SL_HIT,-2490.88,-1.0,2
GRAVITA,2026-06-18,2026-06-18 09:15:00,1668.9,1.05,1703.4,1678.0,1705.1,1678.0,1745.75,58,98895.8,1571.8,2026-06-19,2026-06-19 10:15:00,1745.75,TP_HIT,2357.7,1.5,1
GESHIP,2026-05-15,2026-05-15 09:15:00,1484.9,4.38,1642.7,1550.0,1644.34,1550.0,1785.85,26,42752.84,2452.84,2026-05-18,2026-05-18 09:15:00,1550.0,SL_HIT,-2452.84,-1.0,3
HBLENGINE,2026-06-15,2026-06-15 09:15:00,774.3,2.29,807.7,792.05,808.51,792.05,833.2,123,99446.73,2024.58,2026-06-16,2026-06-16 09:15:00,792.05,SL_HIT,-2024.58,-1.0,1
HBLENGINE,2026-06-25,2026-06-25 09:15:00,823.1,1.08,838.85,825.1,839.69,825.1,861.58,119,99923.11,1736.21,2026-06-29,2026-06-29 09:15:00,825.1,SL_HIT,-1736.21,-1.0,4
HDBFS,2026-06-15,2026-06-15 09:15:00,641.0,2.03,699.0,654.0,699.7,654.0,768.25,54,37783.8,2467.8,2026-06-18,2026-06-18 15:15:00,696.45,TIME_EXIT,-175.5,-0.07,3
HDFCAMC,2026-06-15,2026-06-15 09:15:00,2455.9,1.8,2579.9,2499.0,2582.48,2499.0,2707.7,29,74891.92,2420.92,2026-06-17,2026-06-17 14:15:00,2707.7,TP_HIT,3631.38,1.5,2
HFCL,2026-05-07,2026-05-07 09:15:00,141.46,1.76,146.79,140.21,146.94,140.21,157.03,371,54514.74,2496.83,2026-05-08,2026-05-08 13:15:00,140.21,SL_HIT,-2496.83,-1.0,1
HFCL,2026-05-12,2026-05-12 09:15:00,148.46,1.4,152.99,147.5,153.14,147.5,161.6,443,67841.02,2498.52,2026-05-13,2026-05-13 09:15:00,147.5,SL_HIT,-2498.52,-1.0,1
HFCL,2026-06-16,2026-06-16 09:15:00,180.45,1.97,187.86,181.5,188.05,181.5,197.88,381,71647.05,2495.55,2026-06-18,2026-06-18 09:15:00,197.88,TP_HIT,3745.23,1.5,2
HFCL,2026-06-19,2026-06-19 09:15:00,199.63,3.69,209.61,204.01,209.82,204.01,218.53,430,90222.6,2498.3,2026-06-22,2026-06-22 09:15:00,218.53,TP_HIT,3745.3,1.5,3
HFCL,2026-06-25,2026-06-25 09:15:00,204.77,2.46,215.0,209.51,215.21,209.51,223.76,438,94261.98,2496.6,2026-06-29,2026-06-29 09:15:00,209.51,SL_HIT,-2496.6,-1.0,4
HINDALCO,2026-05-27,2026-05-27 09:15:00,1103.8,1.31,1153.5,1118.3,1154.65,1118.3,1209.18,68,78516.2,2471.8,2026-06-01,2026-06-01 15:15:00,1142.0,TIME_EXIT,-860.2,-0.35,5
HINDCOPPER,2026-05-07,2026-05-07 09:15:00,550.5,1.18,584.0,556.0,584.58,556.0,627.45,87,50858.46,2486.46,2026-05-11,2026-05-11 15:15:00,572.6,TIME_EXIT,-1042.26,-0.42,4
HINDCOPPER,2026-05-13,2026-05-13 09:15:00,564.2,2.8,590.7,577.0,591.29,577.0,612.72,169,99928.01,2415.01,2026-05-14,2026-05-14 09:15:00,612.72,TP_HIT,3621.67,1.5,1
HINDCOPPER,2026-05-18,2026-05-18 09:15:00,570.25,1.71,591.9,574.45,592.49,574.45,619.55,138,81763.62,2489.52,2026-05-19,2026-05-19 11:15:00,574.45,SL_HIT,-2489.52,-1.0,1
HINDPETRO,2026-05-25,2026-05-25 09:15:00,389.65,3.43,412.55,403.0,412.96,403.0,427.9,242,99936.32,2410.32,2026-05-26,2026-05-26 09:15:00,403.0,SL_HIT,-2410.32,-1.0,1
HINDPETRO,2026-06-17,2026-06-17 09:15:00,401.8,1.17,410.5,401.8,410.91,401.8,424.58,243,99851.13,2213.73,2026-06-18,2026-06-18 11:15:00,401.8,SL_HIT,-2213.73,-1.0,1
HINDZINC,2026-05-12,2026-05-12 09:15:00,629.1,2.85,651.5,641.8,652.15,641.8,667.67,153,99778.95,1583.55,2026-05-13,2026-05-13 09:15:00,667.67,TP_HIT,2374.56,1.5,1
HINDZINC,2026-05-13,2026-05-13 09:15:00,641.9,2.82,676.8,659.95,677.48,659.95,703.77,142,96202.16,2489.26,2026-05-15,2026-05-15 09:15:00,659.95,SL_HIT,-2489.26,-1.0,2
POWERINDIA,2026-05-21,2026-05-21 09:15:00,35525.0,1.28,36695.0,35950.0,36731.69,35950.0,37904.23,2,73463.38,1563.38,2026-05-22,2026-05-22 09:15:00,35950.0,SL_HIT,-1563.38,-1.0,1
POWERINDIA,2026-06-04,2026-06-04 09:15:00,35190.0,1.46,36650.0,35510.0,36686.65,35510.0,38451.62,2,73373.3,2353.3,2026-06-08,2026-06-08 09:15:00,35510.0,SL_HIT,-2353.3,-1.0,4
HOMEFIRST,2026-05-06,2026-05-06 09:15:00,1186.9,1.02,1228.2,1199.0,1229.43,1199.0,1275.08,81,99583.83,2464.83,2026-05-07,2026-05-07 09:15:00,1199.0,SL_HIT,-2464.83,-1.0,1
HONASA,2026-06-25,2026-06-25 09:15:00,415.95,1.07,428.9,416.0,429.33,416.0,449.32,187,80284.71,2492.71,2026-06-29,2026-06-29 15:15:00,443.85,TIME_EXIT,2715.24,1.09,4
HONAUT,2026-05-21,2026-05-21 09:15:00,30180.0,4.37,33095.0,31385.0,33128.09,31385.0,35742.72,1,33128.09,1743.09,2026-05-22,2026-05-22 09:15:00,35742.72,TP_HIT,2614.63,1.5,1
HUDCO,2026-06-15,2026-06-15 09:15:00,205.68,1.32,212.4,208.0,212.61,208.0,219.53,470,99926.7,2166.7,2026-06-18,2026-06-18 15:15:00,211.5,TIME_EXIT,-521.7,-0.24,3
HUDCO,2026-07-01,2026-07-01 09:15:00,205.02,1.75,211.4,207.1,211.61,207.1,218.38,472,99879.92,2128.72,2026-07-02,2026-07-02 14:15:00,207.1,SL_HIT,-2128.72,-1.0,1
IDFCFIRSTB,2026-06-09,2026-06-09 09:15:00,71.43,1.26,74.5,72.05,74.57,72.05,78.35,992,73973.44,2499.84,2026-06-12,2026-06-12 15:15:00,77.0,TIME_EXIT,2410.56,0.96,3
IFCI,2026-06-12,2026-06-12 09:15:00,70.48,2.58,75.1,72.3,75.18,72.3,79.5,868,65256.24,2499.84,2026-06-15,2026-06-15 09:15:00,79.5,TP_HIT,3749.76,1.5,3
IFCI,2026-06-15,2026-06-15 09:15:00,84.57,3.67,89.67,84.7,89.76,84.7,97.35,494,44341.44,2499.64,2026-06-18,2026-06-18 11:15:00,84.7,SL_HIT,-2499.64,-1.0,3
IIFL,2026-06-03,2026-06-03 09:15:00,479.45,1.23,498.75,482.85,499.25,482.85,523.85,152,75886.0,2492.8,2026-06-04,2026-06-04 09:15:00,523.85,TP_HIT,3739.2,1.5,1
IIFL,2026-06-12,2026-06-12 09:15:00,491.1,1.81,519.05,500.0,519.57,500.0,548.93,127,65985.39,2485.39,2026-06-15,2026-06-15 15:15:00,523.85,TIME_EXIT,543.56,0.22,3
ITCHOTELS,2026-06-22,2026-06-22 09:15:00,170.92,1.22,177.85,172.21,178.03,172.21,186.76,429,76374.87,2496.78,2026-06-25,2026-06-25 15:15:00,173.99,TIME_EXIT,-1733.16,-0.69,3
INOXWIND,2026-05-06,2026-05-06 09:15:00,104.47,1.05,107.43,104.41,107.54,104.41,112.24,798,85816.92,2497.74,2026-05-08,2026-05-08 10:15:00,104.41,SL_HIT,-2497.74,-1.0,2
INTELLECT,2026-05-06,2026-05-06 09:15:00,754.0,1.09,789.3,762.0,790.09,762.0,832.23,88,69527.92,2471.92,2026-05-08,2026-05-08 14:15:00,832.23,TP_HIT,3708.32,1.5,2
INTELLECT,2026-05-08,2026-05-08 09:15:00,782.15,1.27,811.05,787.5,811.86,787.5,848.4,102,82809.72,2484.72,2026-05-11,2026-05-11 09:15:00,787.5,SL_HIT,-2484.72,-1.0,3
INDIGO,2026-06-12,2026-06-12 09:15:00,4502.4,2.15,4680.0,4561.7,4684.68,4561.7,4869.15,20,93693.6,2459.6,2026-06-15,2026-06-15 09:15:00,4869.15,TP_HIT,3689.4,1.5,3
INDIGO,2026-06-15,2026-06-15 09:15:00,4709.7,2.34,4930.0,4810.1,4934.93,4810.1,5122.18,20,98698.6,2496.6,2026-06-18,2026-06-18 15:15:00,5014.0,TIME_EXIT,1581.4,0.63,3
INDIGO,2026-06-25,2026-06-25 09:15:00,5207.2,1.11,5417.9,5265.0,5423.32,5265.0,5660.8,15,81349.8,2374.8,2026-06-29,2026-06-29 15:15:00,5337.3,TIME_EXIT,-1290.3,-0.54,4
IGIL,2026-05-21,2026-05-21 09:15:00,352.3,1.9,377.95,359.0,378.33,359.0,407.32,129,48804.57,2493.57,2026-05-25,2026-05-25 15:15:00,372.5,TIME_EXIT,-752.07,-0.3,4
JKCEMENT,2026-05-06,2026-05-06 09:15:00,5286.5,1.01,5474.0,5302.5,5479.47,5302.5,5744.93,14,76712.58,2477.58,2026-05-11,2026-05-11 15:15:00,5460.5,TIME_EXIT,-265.58,-0.11,5
JBMA,2026-05-11,2026-05-11 09:15:00,649.9,1.4,697.9,653.1,698.6,653.1,766.85,54,37724.4,2457.0,2026-05-12,2026-05-12 13:15:00,653.1,SL_HIT,-2457.0,-1.0,1
JBMA,2026-06-01,2026-06-01 09:15:00,621.45,1.21,661.65,629.0,662.31,629.0,712.27,75,49673.25,2498.25,2026-06-04,2026-06-04 09:15:00,712.27,TP_HIT,3747.0,1.5,3
JBMA,2026-06-04,2026-06-04 09:15:00,669.25,3.1,718.6,690.0,719.32,690.0,763.3,85,61142.2,2492.2,2026-06-05,2026-06-05 09:15:00,690.0,SL_HIT,-2492.2,-1.0,1
JBMA,2026-06-12,2026-06-12 09:15:00,644.85,1.12,689.95,652.05,690.64,652.05,748.53,64,44200.96,2469.76,2026-06-15,2026-06-15 15:15:00,683.9,TIME_EXIT,-431.36,-0.17,3
JSWCEMENT,2026-05-22,2026-05-22 09:15:00,127.46,2.07,142.0,130.1,142.14,130.1,160.2,207,29422.98,2492.28,2026-05-25,2026-05-25 15:15:00,133.98,TIME_EXIT,-1689.12,-0.68,3
JSWENERGY,2026-05-19,2026-05-19 09:15:00,529.05,1.11,538.7,529.05,539.24,529.05,554.53,185,99759.4,1885.15,2026-05-20,2026-05-20 09:15:00,529.05,SL_HIT,-1885.15,-1.0,1
JSWENERGY,2026-05-27,2026-05-27 09:15:00,576.0,1.04,595.3,579.1,595.9,579.1,621.1,148,88193.2,2486.4,2026-06-01,2026-06-01 15:15:00,583.9,TIME_EXIT,-1776.0,-0.71,5
JSWINFRA,2026-05-22,2026-05-22 09:15:00,265.45,2.03,279.0,268.25,279.28,268.25,295.82,226,63117.28,2492.78,2026-05-25,2026-05-25 15:15:00,278.0,TIME_EXIT,-289.28,-0.12,3
JSWINFRA,2026-05-25,2026-05-25 09:15:00,274.6,1.77,281.75,276.55,282.03,276.55,290.25,354,99838.62,1939.92,2026-05-26,2026-05-26 09:15:00,276.55,SL_HIT,-1939.92,-1.0,1
JSWSTEEL,2026-05-14,2026-05-14 09:15:00,1274.9,1.02,1304.6,1281.9,1305.9,1281.9,1341.9,76,99248.4,1824.0,2026-05-15,2026-05-15 13:15:00,1281.9,SL_HIT,-1824.0,-1.0,1
J&KBANK,2026-06-15,2026-06-15 09:15:00,157.4,2.01,163.2,159.31,163.36,159.31,169.44,612,99976.32,2478.6,2026-06-16,2026-06-16 09:15:00,159.31,SL_HIT,-2478.6,-1.0,1
JINDALSAW,2026-06-15,2026-06-15 09:15:00,238.5,2.31,251.55,244.0,251.8,244.0,263.5,320,80576.0,2496.0,2026-06-16,2026-06-16 09:15:00,244.0,SL_HIT,-2496.0,-1.0,1
JWL,2026-05-25,2026-05-25 09:15:00,276.95,1.1,289.95,280.0,290.24,280.0,305.6,244,70818.56,2498.56,2026-05-27,2026-05-27 12:15:00,305.6,TP_HIT,3747.84,1.5,2
KPRMILL,2026-06-01,2026-06-01 09:15:00,966.5,2.62,1008.95,981.85,1009.96,981.85,1052.12,88,88876.48,2473.68,2026-06-02,2026-06-02 09:15:00,981.85,SL_HIT,-2473.68,-1.0,1
KAJARIACER,2026-05-06,2026-05-06 09:15:00,1062.4,1.66,1115.0,1077.9,1116.11,1077.9,1173.42,65,72547.15,2483.65,2026-05-11,2026-05-11 15:15:00,1096.2,TIME_EXIT,-1294.15,-0.52,5
KAJARIACER,2026-06-17,2026-06-17 09:15:00,1139.1,1.13,1156.9,1136.4,1158.06,1136.4,1190.55,86,99593.16,1862.76,2026-06-22,2026-06-22 15:15:00,1166.0,TIME_EXIT,682.84,0.37,5
KPIL,2026-05-15,2026-05-15 09:15:00,1226.6,2.71,1282.4,1235.2,1283.68,1235.2,1356.4,51,65467.68,2472.48,2026-05-18,2026-05-18 09:15:00,1235.2,SL_HIT,-2472.48,-1.0,3
KPIL,2026-06-23,2026-06-23 09:15:00,1439.7,1.41,1479.6,1446.5,1481.08,1446.5,1532.95,67,99232.36,2316.86,2026-06-24,2026-06-24 09:15:00,1446.5,SL_HIT,-2316.86,-1.0,1
KPIL,2026-06-30,2026-06-30 09:15:00,1346.1,1.58,1405.2,1356.6,1406.61,1356.6,1481.62,49,68923.89,2450.49,2026-07-01,2026-07-01 09:15:00,1356.6,SL_HIT,-2450.49,-1.0,1
KARURVYSYA,2026-06-12,2026-06-12 09:15:00,275.85,1.5,285.4,277.75,285.69,277.75,297.6,314,89706.66,2493.16,2026-06-15,2026-06-15 09:15:00,297.6,TP_HIT,3739.74,1.5,3
KIRLOSENG,2026-06-15,2026-06-15 09:15:00,1890.5,3.3,1975.0,1914.8,1976.97,1914.8,2070.23,40,79078.8,2486.8,2026-06-16,2026-06-16 15:15:00,1914.8,SL_HIT,-2486.8,-1.0,1
KIRLOSENG,2026-06-23,2026-06-23 09:15:00,2389.8,4.65,2720.0,2500.0,2722.72,2500.0,3056.8,11,29949.92,2449.92,2026-06-24,2026-06-24 09:15:00,2500.0,SL_HIT,-2449.92,-1.0,1
KIMS,2026-06-30,2026-06-30 09:15:00,805.45,1.06,832.9,808.3,833.73,808.3,871.88,98,81705.54,2492.14,2026-07-03,2026-07-03 15:15:00,852.0,TIME_EXIT,1790.46,0.72,3
LTF,2026-05-06,2026-05-06 09:15:00,290.45,1.57,303.0,294.45,303.3,294.45,316.58,282,85530.6,2495.7,2026-05-11,2026-05-11 14:15:00,294.45,SL_HIT,-2495.7,-1.0,5
LTF,2026-06-15,2026-06-15 09:15:00,275.95,2.52,297.3,282.35,297.6,282.35,320.48,163,48508.8,2485.75,2026-06-18,2026-06-18 15:15:00,287.0,TIME_EXIT,-1727.8,-0.7,3
LT,2026-05-25,2026-05-25 09:15:00,3926.6,1.11,4032.0,3961.5,4036.03,3961.5,4147.83,24,96864.72,1788.72,2026-05-29,2026-05-29 15:15:00,4090.0,TIME_EXIT,1295.28,0.72,4
LT,2026-06-12,2026-06-12 09:15:00,3862.0,1.76,4009.8,3921.0,4013.81,3921.0,4153.02,24,96331.44,2227.44,2026-06-15,2026-06-15 09:15:00,4153.02,TP_HIT,3341.04,1.5,3
LT,2026-06-15,2026-06-15 09:15:00,4049.3,1.99,4194.7,4130.0,4198.89,4130.0,4302.23,23,96574.47,1584.47,2026-06-18,2026-06-18 15:15:00,4196.0,TIME_EXIT,-66.47,-0.04,3
THELEELA,2026-06-12,2026-06-12 09:15:00,406.65,1.7,419.45,409.3,419.87,409.3,435.73,236,99089.32,2494.52,2026-06-15,2026-06-15 09:15:00,435.73,TP_HIT,3742.96,1.5,3
THELEELA,2026-06-15,2026-06-15 09:15:00,429.8,1.21,463.0,433.0,463.46,433.0,509.15,82,38003.72,2497.72,2026-06-18,2026-06-18 15:15:00,457.7,TIME_EXIT,-472.32,-0.19,3
THELEELA,2026-06-22,2026-06-22 09:15:00,494.2,1.66,511.0,492.5,511.51,492.5,540.02,131,67007.81,2490.31,2026-06-23,2026-06-23 09:15:00,492.5,SL_HIT,-2490.31,-1.0,1
LEMONTREE,2026-06-22,2026-06-22 09:15:00,113.04,1.24,118.58,114.0,118.7,114.0,125.75,531,63029.7,2495.7,2026-06-25,2026-06-25 15:15:00,119.15,TIME_EXIT,238.95,0.1,3
LICI,2026-05-25,2026-05-25 09:15:00,397.2,1.81,413.55,401.3,413.96,401.3,432.95,197,81550.12,2494.02,2026-05-27,2026-05-27 11:15:00,401.3,SL_HIT,-2494.02,-1.0,2
LINDEINDIA,2026-05-29,2026-05-29 09:15:00,7259.0,1.67,7565.0,7296.5,7572.56,7296.5,7986.65,9,68153.04,2484.54,2026-06-01,2026-06-01 09:15:00,7296.5,SL_HIT,-2484.54,-1.0,3
LODHA,2026-06-25,2026-06-25 09:15:00,937.85,1.83,972.0,949.8,972.97,949.8,1007.73,102,99242.94,2363.34,2026-06-29,2026-06-29 09:15:00,949.8,SL_HIT,-2363.34,-1.0,4
LUPIN,2026-06-05,2026-06-05 09:15:00,2249.8,1.14,2306.3,2262.5,2308.61,2262.5,2377.78,43,99270.23,1982.73,2026-06-08,2026-06-08 09:15:00,2262.5,SL_HIT,-1982.73,-1.0,3
MGL,2026-06-15,2026-06-15 09:15:00,1094.9,2.0,1128.8,1108.9,1129.93,1108.9,1161.47,88,99433.84,1850.64,2026-06-16,2026-06-16 09:15:00,1161.47,TP_HIT,2775.52,1.5,1
MGL,2026-06-30,2026-06-30 09:15:00,1142.1,1.09,1211.2,1153.2,1212.41,1153.2,1301.23,42,50921.22,2486.82,2026-07-01,2026-07-01 10:15:00,1153.2,SL_HIT,-2486.82,-1.0,1
M&MFIN,2026-05-06,2026-05-06 09:15:00,305.55,1.78,318.3,309.3,318.62,309.3,332.6,268,85390.16,2497.76,2026-05-08,2026-05-08 10:15:00,332.6,TP_HIT,3746.64,1.5,2
M&M,2026-05-06,2026-05-06 09:15:00,3210.8,1.07,3315.7,3245.0,3319.02,3245.0,3430.05,30,99570.6,2220.6,2026-05-11,2026-05-11 09:15:00,3245.0,SL_HIT,-2220.6,-1.0,5
MRPL,2026-06-15,2026-06-15 09:15:00,161.01,2.29,171.25,164.11,171.42,164.11,182.38,341,58454.22,2492.71,2026-06-16,2026-06-16 09:15:00,164.11,SL_HIT,-2492.71,-1.0,1
MARUTI,2026-06-15,2026-06-15 09:15:00,13366.0,1.38,13885.0,13520.0,13898.88,13520.0,14467.2,6,83393.28,2273.28,2026-06-18,2026-06-18 11:15:00,13520.0,SL_HIT,-2273.28,-1.0,3
MAXHEALTH,2026-05-21,2026-05-21 09:15:00,1075.7,1.04,1111.0,1079.05,1112.11,1079.05,1161.7,75,83408.25,2479.5,2026-05-22,2026-05-22 09:15:00,1079.05,SL_HIT,-2479.5,-1.0,1
MINDACORP,2026-05-25,2026-05-25 09:15:00,574.65,1.8,603.75,584.0,604.35,584.0,634.88,122,73730.7,2482.7,2026-05-26,2026-05-26 09:15:00,584.0,SL_HIT,-2482.7,-1.0,1
MINDACORP,2026-06-15,2026-06-15 09:15:00,637.2,2.03,665.0,641.0,665.66,641.0,702.65,101,67231.66,2490.66,2026-06-17,2026-06-17 13:15:00,641.0,SL_HIT,-2490.66,-1.0,2
MOTILALOFS,2026-06-12,2026-06-12 09:15:00,831.6,2.78,880.95,854.45,881.83,854.45,922.9,91,80246.53,2491.58,2026-06-15,2026-06-15 09:15:00,922.9,TP_HIT,3737.37,1.5,3
MOTILALOFS,2026-06-15,2026-06-15 09:15:00,888.45,1.86,938.0,903.0,938.94,903.0,992.85,69,64786.86,2479.86,2026-06-18,2026-06-18 15:15:00,946.35,TIME_EXIT,511.29,0.21,3
MUTHOOTFIN,2026-05-13,2026-05-13 09:15:00,3353.4,2.04,3488.5,3383.7,3491.99,3383.7,3654.42,23,80315.77,2490.67,2026-05-15,2026-05-15 09:15:00,3383.7,SL_HIT,-2490.67,-1.0,2
NATCOPHARM,2026-05-06,2026-05-06 09:15:00,1125.0,1.07,1148.0,1129.3,1149.15,1129.3,1178.93,87,99976.05,1726.95,2026-05-08,2026-05-08 09:15:00,1178.93,TP_HIT,2590.86,1.5,2
NLCINDIA,2026-05-19,2026-05-19 09:15:00,348.15,1.71,366.7,349.2,367.07,349.2,393.88,139,51022.73,2483.93,2026-05-21,2026-05-21 14:15:00,349.2,SL_HIT,-2483.93,-1.0,2
NLCINDIA,2026-05-26,2026-05-26 09:15:00,341.85,1.01,356.5,344.8,356.86,344.8,374.95,207,73870.02,2496.42,2026-05-29,2026-05-29 15:15:00,344.8,SL_HIT,-2496.42,-1.0,3
NH,2026-05-25,2026-05-25 09:15:00,1855.6,4.01,1968.0,1896.1,1969.97,1896.1,2080.78,33,65009.01,2437.71,2026-05-26,2026-05-26 12:15:00,1896.1,SL_HIT,-2437.71,-1.0,1
NATIONALUM,2026-05-13,2026-05-13 09:15:00,394.05,1.0,404.3,397.0,404.7,397.0,416.25,247,99960.9,1901.9,2026-05-14,2026-05-14 09:15:00,416.25,TP_HIT,2852.85,1.5,1
NATIONALUM,2026-05-27,2026-05-27 09:15:00,416.2,1.2,434.4,420.25,434.83,420.25,456.7,171,74355.93,2493.18,2026-05-29,2026-05-29 14:15:00,420.25,SL_HIT,-2493.18,-1.0,2
NAVA,2026-06-16,2026-06-16 09:15:00,603.65,1.05,639.8,605.15,640.44,605.15,693.38,70,44830.8,2470.3,2026-06-18,2026-06-18 14:15:00,605.15,SL_HIT,-2470.3,-1.0,2
NAVINFLUOR,2026-06-17,2026-06-17 09:15:00,7315.5,1.16,7510.0,7321.5,7517.51,7321.5,7811.53,12,90210.12,2352.12,2026-06-18,2026-06-18 09:15:00,7321.5,SL_HIT,-2352.12,-1.0,1
NETWEB,2026-05-06,2026-05-06 09:15:00,4178.1,1.72,4450.0,4231.0,4454.45,4231.0,4789.62,11,48998.95,2457.95,2026-05-11,2026-05-11 15:15:00,4305.0,TIME_EXIT,-1643.95,-0.67,5
NETWEB,2026-05-21,2026-05-21 09:15:00,3841.7,1.52,4044.0,3898.7,4048.04,3898.7,4272.05,16,64768.64,2389.44,2026-05-22,2026-05-22 09:15:00,3898.7,SL_HIT,-2389.44,-1.0,1
NETWEB,2026-06-12,2026-06-12 09:15:00,4191.4,3.07,4525.0,4315.0,4529.52,4315.0,4851.3,11,49824.72,2359.72,2026-06-15,2026-06-15 15:15:00,4591.0,TIME_EXIT,676.28,0.29,3
NETWEB,2026-06-30,2026-06-30 09:15:00,4454.8,1.01,4588.0,4455.0,4592.59,4455.0,4798.98,18,82666.62,2476.62,2026-07-02,2026-07-02 09:15:00,4455.0,SL_HIT,-2476.62,-1.0,2
NAM-INDIA,2026-06-15,2026-06-15 09:15:00,1089.1,1.0,1129.8,1099.9,1130.93,1099.9,1177.47,80,90474.4,2482.4,2026-06-18,2026-06-18 15:15:00,1172.0,TIME_EXIT,3285.6,1.32,3
NIVABUPA,2026-05-11,2026-05-11 09:15:00,81.29,3.83,89.77,82.74,89.86,82.74,100.54,351,31540.86,2499.12,2026-05-12,2026-05-12 12:15:00,82.74,SL_HIT,-2499.12,-1.0,1
NUVAMA,2026-05-06,2026-05-06 09:15:00,1351.1,1.03,1394.4,1360.7,1395.79,1360.7,1448.42,71,99101.09,2491.39,2026-05-07,2026-05-07 12:15:00,1448.42,TP_HIT,3736.73,1.5,1
NUVAMA,2026-06-15,2026-06-15 09:15:00,1588.1,2.33,1665.9,1615.8,1667.57,1615.8,1745.22,48,80043.36,2484.96,2026-06-18,2026-06-18 09:15:00,1745.22,TP_HIT,3727.2,1.5,3
OBEROIRLTY,2026-06-12,2026-06-12 09:15:00,1582.7,1.19,1619.4,1597.9,1621.02,1597.9,1655.7,61,98882.22,1410.32,2026-06-15,2026-06-15 09:15:00,1655.7,TP_HIT,2115.48,1.5,3
ONGC,2026-05-12,2026-05-12 09:15:00,281.0,2.1,299.15,286.85,299.45,286.85,318.35,198,59291.1,2494.8,2026-05-15,2026-05-15 15:15:00,299.5,TIME_EXIT,9.9,0.0,3
OIL,2026-05-12,2026-05-12 09:15:00,456.0,3.51,490.8,471.65,491.29,471.65,520.75,127,62393.83,2494.28,2026-05-14,2026-05-14 09:15:00,520.75,TP_HIT,3741.42,1.5,2
OLECTRA,2026-05-11,2026-05-11 09:15:00,1340.7,1.07,1395.0,1351.4,1396.39,1351.4,1463.88,55,76801.45,2474.45,2026-05-12,2026-05-12 09:15:00,1351.4,SL_HIT,-2474.45,-1.0,1
OLECTRA,2026-06-12,2026-06-12 09:15:00,1252.4,1.41,1299.0,1269.0,1300.3,1269.0,1347.25,76,98822.8,2378.8,2026-06-15,2026-06-15 15:15:00,1279.5,TIME_EXIT,-1580.8,-0.66,3
PAYTM,2026-05-07,2026-05-07 09:15:00,1110.6,3.55,1181.0,1135.3,1182.18,1135.3,1252.5,53,62655.54,2484.64,2026-05-11,2026-05-11 15:15:00,1193.9,TIME_EXIT,621.16,0.25,4
OFSS,2026-06-01,2026-06-01 09:15:00,9964.0,1.05,10291.0,10063.0,10301.29,10063.0,10658.73,9,92711.61,2144.61,2026-06-03,2026-06-03 11:15:00,10063.0,SL_HIT,-2144.61,-1.0,2
POLICYBZR,2026-06-22,2026-06-22 09:15:00,1636.7,1.3,1699.0,1645.2,1700.7,1645.2,1783.95,45,76531.5,2497.5,2026-06-23,2026-06-23 10:15:00,1645.2,SL_HIT,-2497.5,-1.0,1
PGEL,2026-06-18,2026-06-18 09:15:00,545.65,1.53,561.0,546.5,561.56,546.5,584.15,166,93218.96,2499.96,2026-06-22,2026-06-22 15:15:00,567.6,TIME_EXIT,1002.64,0.4,4
PNBHOUSING,2026-06-15,2026-06-15 09:15:00,989.9,1.0,1023.8,999.8,1024.82,999.8,1062.35,97,99407.54,2426.94,2026-06-18,2026-06-18 09:15:00,999.8,SL_HIT,-2426.94,-1.0,3
PTCIL,2026-05-27,2026-05-27 09:15:00,16531.0,1.02,16941.0,16607.0,16957.94,16607.0,17484.35,5,84789.7,1754.7,2026-05-29,2026-05-29 09:15:00,16607.0,SL_HIT,-1754.7,-1.0,2
PETRONET,2026-06-15,2026-06-15 09:15:00,274.75,2.09,287.7,280.25,287.99,280.25,299.6,322,92732.78,2492.28,2026-06-18,2026-06-18 15:15:00,287.55,TIME_EXIT,-141.68,-0.06,3
PWL,2026-05-11,2026-05-11 09:15:00,108.53,1.82,115.7,110.5,115.82,110.5,123.8,469,54319.58,2495.08,2026-05-12,2026-05-12 09:15:00,110.5,SL_HIT,-2495.08,-1.0,1
POLYMED,2026-05-06,2026-05-06 09:15:00,1596.8,1.45,1657.4,1620.0,1659.06,1620.0,1717.65,60,99543.6,2343.6,2026-05-11,2026-05-11 15:15:00,1652.3,TIME_EXIT,-405.6,-0.17,5
PREMIERENE,2026-05-26,2026-05-26 09:15:00,985.0,2.34,1021.0,1001.0,1022.02,1001.0,1053.55,97,99135.94,2038.94,2026-05-27,2026-05-27 15:15:00,1053.55,TP_HIT,3058.41,1.5,1
PREMIERENE,2026-05-29,2026-05-29 09:15:00,1046.0,1.34,1081.2,1053.1,1082.28,1053.1,1126.05,85,91993.8,2480.3,2026-06-01,2026-06-01 09:15:00,1053.1,SL_HIT,-2480.3,-1.0,3
PRESTIGE,2026-06-15,2026-06-15 09:15:00,1387.3,2.0,1437.8,1394.0,1439.24,1394.0,1507.1,55,79158.2,2488.2,2026-06-16,2026-06-16 13:15:00,1507.1,TP_HIT,3732.3,1.5,1
PNB,2026-06-15,2026-06-15 09:15:00,106.88,1.09,109.48,108.05,109.59,108.05,111.9,912,99946.08,1404.48,2026-06-16,2026-06-16 09:15:00,108.05,SL_HIT,-1404.48,-1.0,1
RRKABEL,2026-05-14,2026-05-14 09:15:00,1957.3,1.41,2040.0,1967.8,2042.04,1967.8,2153.4,33,67387.32,2449.92,2026-05-15,2026-05-15 09:15:00,1967.8,SL_HIT,-2449.92,-1.0,1
RRKABEL,2026-05-21,2026-05-21 09:15:00,1962.4,1.25,2008.0,1982.8,2010.01,1982.8,2050.82,49,98490.49,1333.29,2026-05-22,2026-05-22 09:15:00,1982.8,SL_HIT,-1333.29,-1.0,1
RRKABEL,2026-06-16,2026-06-16 09:15:00,2187.4,1.03,2269.9,2205.0,2272.17,2205.0,2372.93,37,84070.29,2485.29,2026-06-17,2026-06-17 09:15:00,2205.0,SL_HIT,-2485.29,-1.0,1
RRKABEL,2026-06-18,2026-06-18 09:15:00,2209.8,1.19,2335.0,2230.0,2337.33,2230.0,2498.32,23,53758.59,2468.59,2026-06-22,2026-06-22 15:15:00,2355.9,TIME_EXIT,427.11,0.17,4
RBLBANK,2026-06-15,2026-06-15 09:15:00,365.85,1.13,375.15,367.95,375.53,367.95,386.9,266,99890.98,2016.28,2026-06-16,2026-06-16 10:15:00,367.95,SL_HIT,-2016.28,-1.0,1
REDINGTON,2026-06-18,2026-06-18 09:15:00,243.55,1.75,258.5,245.6,258.76,245.6,278.5,189,48905.64,2487.24,2026-06-19,2026-06-19 10:15:00,278.5,TP_HIT,3730.86,1.5,1
SRF,2026-05-06,2026-05-06 09:15:00,2522.8,3.26,2659.8,2582.2,2662.46,2582.2,2782.85,31,82536.26,2488.06,2026-05-08,2026-05-08 09:15:00,2782.85,TP_HIT,3732.09,1.5,2
SAILIFE,2026-05-14,2026-05-14 09:15:00,1085.4,2.35,1138.2,1100.0,1139.34,1100.0,1198.35,63,71778.42,2478.42,2026-05-15,2026-05-15 09:15:00,1100.0,SL_HIT,-2478.42,-1.0,1
SAMMAANCAP,2026-05-21,2026-05-21 09:15:00,141.8,4.51,158.0,148.0,158.16,148.0,173.4,246,38907.36,2499.36,2026-05-25,2026-05-25 15:15:00,168.51,TIME_EXIT,2546.1,1.02,4
SAMMAANCAP,2026-05-25,2026-05-25 09:15:00,161.46,1.33,168.86,161.75,169.03,161.75,179.95,343,57977.29,2497.04,2026-05-29,2026-05-29 14:15:00,179.95,TP_HIT,3745.56,1.5,4
SAMMAANCAP,2026-06-30,2026-06-30 09:15:00,167.64,1.41,175.0,169.4,175.17,169.4,183.82,433,75848.61,2498.41,2026-07-03,2026-07-03 15:15:00,175.6,TIME_EXIT,186.19,0.07,3
MOTHERSON,2026-06-15,2026-06-15 09:15:00,143.4,1.88,149.42,146.1,149.57,146.1,154.77,668,99912.76,2317.96,2026-06-17,2026-06-17 09:15:00,146.1,SL_HIT,-2317.96,-1.0,2
SAREGAMA,2026-05-14,2026-05-14 09:15:00,335.05,1.78,347.6,339.35,347.95,339.35,360.85,287,99861.65,2468.2,2026-05-15,2026-05-15 09:15:00,360.85,TP_HIT,3702.3,1.5,1
SAREGAMA,2026-05-15,2026-05-15 09:15:00,384.55,1.42,403.0,389.0,403.4,389.0,425.0,173,69788.2,2491.2,2026-05-18,2026-05-18 14:15:00,389.0,SL_HIT,-2491.2,-1.0,3
SAREGAMA,2026-06-01,2026-06-01 09:15:00,424.15,4.68,477.5,438.6,477.98,438.6,537.05,63,30112.74,2480.94,2026-06-04,2026-06-04 15:15:00,453.9,TIME_EXIT,-1517.04,-0.61,3
SCHNEIDER,2026-05-21,2026-05-21 09:15:00,1300.0,3.31,1350.1,1310.0,1351.45,1310.0,1413.62,60,81087.0,2487.0,2026-05-22,2026-05-22 10:15:00,1310.0,SL_HIT,-2487.0,-1.0,1
SCHNEIDER,2026-05-27,2026-05-27 09:15:00,1376.8,1.46,1417.8,1376.8,1419.22,1376.8,1482.85,58,82314.76,2460.36,2026-05-29,2026-05-29 09:15:00,1376.8,SL_HIT,-2460.36,-1.0,2
SCHNEIDER,2026-06-05,2026-06-05 09:15:00,1109.8,3.08,1184.0,1116.0,1185.18,1116.0,1288.95,36,42666.48,2490.48,2026-06-08,2026-06-08 09:15:00,1116.0,SL_HIT,-2490.48,-1.0,3
SCHNEIDER,2026-06-22,2026-06-22 09:15:00,1331.4,1.01,1376.5,1343.2,1377.88,1343.2,1429.9,72,99207.36,2496.96,2026-06-23,2026-06-23 09:15:00,1429.9,TP_HIT,3745.44,1.5,1
SCI,2026-06-15,2026-06-15 09:15:00,297.05,2.04,321.05,302.0,321.37,302.0,350.43,129,41456.73,2498.73,2026-06-18,2026-06-18 15:15:00,308.75,TIME_EXIT,-1627.98,-0.65,3
SHREECEM,2026-05-07,2026-05-07 09:15:00,24975.0,1.9,25950.0,25430.0,25975.95,25430.0,26794.88,3,77927.85,1637.85,2026-05-08,2026-05-08 09:15:00,25430.0,SL_HIT,-1637.85,-1.0,1
SHREECEM,2026-06-24,2026-06-24 09:15:00,25035.0,2.02,25960.0,24955.0,25985.96,24955.0,27532.4,2,51971.92,2061.92,2026-06-29,2026-06-29 15:15:00,25280.0,TIME_EXIT,-1411.92,-0.68,5
SHREECEM,2026-07-01,2026-07-01 09:15:00,25250.0,1.35,26045.0,25525.0,26071.04,25525.0,26890.1,3,78213.12,1638.12,2026-07-03,2026-07-03 11:15:00,26890.1,TP_HIT,2457.18,1.5,2
SHRIRAMFIN,2026-06-25,2026-06-25 09:15:00,1019.0,1.08,1052.0,1030.0,1053.05,1030.0,1087.62,94,98986.7,2166.7,2026-06-29,2026-06-29 15:15:00,1030.0,SL_HIT,-2166.7,-1.0,4
SHYAMMETL,2026-06-18,2026-06-18 09:15:00,955.55,1.95,992.7,970.0,993.69,970.0,1029.23,100,99369.0,2369.0,2026-06-19,2026-06-19 12:15:00,970.0,SL_HIT,-2369.0,-1.0,1
ENRIN,2026-05-29,2026-05-29 09:15:00,3766.1,1.3,3968.0,3809.0,3971.97,3809.0,4216.42,15,59579.55,2444.55,2026-06-01,2026-06-01 09:15:00,3809.0,SL_HIT,-2444.55,-1.0,3
SIEMENS,2026-05-21,2026-05-21 09:15:00,3696.4,1.15,3780.0,3724.0,3783.78,3724.0,3873.45,26,98378.28,1554.28,2026-05-22,2026-05-22 09:15:00,3724.0,SL_HIT,-1554.28,-1.0,1
SONATSOFTW,2026-05-08,2026-05-08 09:15:00,270.75,1.57,297.5,274.7,297.8,274.7,332.45,108,32162.4,2494.8,2026-05-11,2026-05-11 15:15:00,299.0,TIME_EXIT,129.6,0.05,3
STARHEALTH,2026-06-18,2026-06-18 09:15:00,533.7,1.18,572.65,537.95,573.22,537.95,626.12,70,40125.4,2468.9,2026-06-22,2026-06-22 15:15:00,580.6,TIME_EXIT,516.6,0.21,4
SAIL,2026-05-27,2026-05-27 09:15:00,203.84,1.05,207.25,204.46,207.46,204.46,211.96,482,99995.72,1446.0,2026-05-29,2026-05-29 09:15:00,204.46,SL_HIT,-1446.0,-1.0,2
SPLPETRO,2026-06-12,2026-06-12 09:15:00,667.2,1.36,697.2,676.25,697.9,676.25,730.38,115,80258.5,2489.75,2026-06-15,2026-06-15 15:15:00,700.0,TIME_EXIT,241.5,0.1,3
SYRMA,2026-06-23,2026-06-23 09:15:00,1336.2,1.78,1410.0,1358.1,1411.41,1358.1,1491.38,46,64924.86,2452.26,2026-06-25,2026-06-25 10:15:00,1491.38,TP_HIT,3678.62,1.5,2
SYRMA,2026-06-25,2026-06-25 09:15:00,1424.7,1.0,1469.5,1428.0,1470.97,1428.0,1535.43,58,85316.26,2492.26,2026-06-29,2026-06-29 09:15:00,1428.0,SL_HIT,-2492.26,-1.0,4
TBOTEK,2026-06-15,2026-06-15 09:15:00,1352.8,3.49,1497.9,1389.2,1499.4,1389.2,1664.7,22,32986.8,2424.4,2026-06-18,2026-06-18 15:15:00,1462.0,TIME_EXIT,-822.8,-0.34,3
TATACAP,2026-06-25,2026-06-25 09:15:00,354.05,2.46,373.0,358.2,373.37,358.2,396.12,164,61232.68,2487.88,2026-06-29,2026-06-29 09:15:00,358.2,SL_HIT,-2487.88,-1.0,4
TATACONSUM,2026-05-11,2026-05-11 09:15:00,1176.2,2.21,1253.6,1200.0,1254.85,1200.0,1337.12,45,56468.25,2468.25,2026-05-14,2026-05-14 15:15:00,1226.4,TIME_EXIT,-1280.25,-0.52,3
TMPV,2026-05-15,2026-05-15 09:15:00,338.75,3.91,366.95,352.0,367.32,352.0,390.3,163,59873.16,2497.16,2026-05-18,2026-05-18 09:15:00,352.0,SL_HIT,-2497.16,-1.0,3
TMPV,2026-06-15,2026-06-15 09:15:00,390.0,2.1,407.8,396.1,408.21,396.1,426.37,206,84091.26,2494.66,2026-06-16,2026-06-16 09:15:00,396.1,SL_HIT,-2494.66,-1.0,1
TECHM,2026-05-19,2026-05-19 09:15:00,1393.8,1.14,1453.0,1409.0,1454.45,1409.0,1522.62,55,79994.75,2499.75,2026-05-20,2026-05-20 09:15:00,1409.0,SL_HIT,-2499.75,-1.0,1
TECHM,2026-06-02,2026-06-02 09:15:00,1504.1,1.28,1537.1,1514.6,1538.64,1514.6,1574.7,64,98472.96,1538.56,2026-06-03,2026-06-03 09:15:00,1514.6,SL_HIT,-1538.56,-1.0,1
TEJASNET,2026-05-06,2026-05-06 09:15:00,425.6,1.03,451.45,426.7,451.9,426.7,489.7,99,44738.1,2494.8,2026-05-07,2026-05-07 09:15:00,489.7,TP_HIT,3742.2,1.5,1
TEJASNET,2026-05-07,2026-05-07 09:15:00,463.2,1.05,518.7,467.75,519.22,467.75,596.43,48,24922.56,2470.56,2026-05-11,2026-05-11 14:15:00,467.75,SL_HIT,-2470.56,-1.0,4
TEJASNET,2026-05-19,2026-05-19 09:15:00,436.7,1.26,476.0,442.0,476.48,442.0,528.2,72,34306.56,2482.56,2026-05-22,2026-05-22 15:15:00,466.85,TIME_EXIT,-693.36,-0.28,3
TEJASNET,2026-06-12,2026-06-12 09:15:00,573.5,1.26,594.3,575.0,594.89,575.0,624.72,125,74361.25,2486.25,2026-06-15,2026-06-15 15:15:00,582.35,TIME_EXIT,-1567.5,-0.63,3
TENNIND,2026-05-25,2026-05-25 09:15:00,594.15,1.83,633.0,605.0,633.63,605.0,676.58,87,55125.81,2490.81,2026-05-29,2026-05-29 09:15:00,605.0,SL_HIT,-2490.81,-1.0,4
TENNIND,2026-06-17,2026-06-17 09:15:00,563.45,1.16,577.8,564.0,578.38,564.0,599.95,172,99481.36,2473.36,2026-06-19,2026-06-19 09:15:00,564.0,SL_HIT,-2473.36,-1.0,2
NIACL,2026-06-15,2026-06-15 09:15:00,152.8,1.37,157.86,154.5,158.02,154.5,163.3,632,99868.64,2224.64,2026-06-16,2026-06-16 09:15:00,163.3,TP_HIT,3336.96,1.5,1
NIACL,2026-06-18,2026-06-18 09:15:00,165.46,1.54,188.5,167.74,188.69,167.74,220.11,119,22454.11,2493.05,2026-06-22,2026-06-22 15:15:00,212.25,TIME_EXIT,2803.64,1.12,4
NIACL,2026-06-22,2026-06-22 09:15:00,202.31,1.58,215.59,205.5,215.81,205.5,231.28,242,52226.02,2495.02,2026-06-23,2026-06-23 09:15:00,205.5,SL_HIT,-2495.02,-1.0,1
THERMAX,2026-05-08,2026-05-08 09:15:00,4182.3,4.49,4550.0,4306.0,4554.55,4306.0,4927.38,10,45545.5,2485.5,2026-05-11,2026-05-11 15:15:00,4536.0,TIME_EXIT,-185.5,-0.07,3
THERMAX,2026-05-29,2026-05-29 09:15:00,4590.6,1.49,4925.0,4650.0,4929.92,4650.0,5349.8,8,39439.36,2239.36,2026-06-01,2026-06-01 15:15:00,4969.0,TIME_EXIT,312.64,0.14,3
TIMKEN,2026-06-22,2026-06-22 09:15:00,3689.4,1.01,3767.9,3693.6,3771.67,3693.6,3888.78,26,98063.42,2029.82,2026-06-25,2026-06-25 12:15:00,3693.6,SL_HIT,-2029.82,-1.0,3
TITAGARH,2026-05-25,2026-05-25 09:15:00,757.3,1.8,816.8,767.0,817.62,767.0,893.55,49,40063.38,2480.38,2026-05-29,2026-05-29 15:15:00,826.8,TIME_EXIT,449.82,0.18,4
TITAGARH,2026-06-18,2026-06-18 09:15:00,920.4,1.48,971.0,934.0,971.97,934.0,1028.93,65,63178.05,2468.05,2026-06-19,2026-06-19 09:15:00,934.0,SL_HIT,-2468.05,-1.0,1
TRAVELFOOD,2026-06-15,2026-06-15 09:15:00,1241.7,2.68,1333.0,1257.5,1334.33,1257.5,1449.57,32,42698.56,2458.56,2026-06-18,2026-06-18 15:15:00,1331.0,TIME_EXIT,-106.56,-0.04,3
TRENT,2026-06-15,2026-06-15 09:15:00,2755.3,1.31,2874.9,2791.3,2877.77,2791.3,3007.47,28,80577.56,2421.16,2026-06-17,2026-06-17 09:15:00,3007.47,TP_HIT,3631.6,1.5,2
UNITDSPR,2026-06-18,2026-06-18 09:15:00,1308.0,1.61,1347.1,1325.3,1348.45,1325.3,1383.18,74,99785.3,1713.1,2026-06-19,2026-06-19 10:15:00,1325.3,SL_HIT,-1713.1,-1.0,1
USHAMART,2026-05-27,2026-05-27 09:15:00,480.8,1.29,509.75,485.0,510.26,485.0,548.15,98,50005.48,2475.48,2026-06-01,2026-06-01 15:15:00,491.05,TIME_EXIT,-1882.58,-0.76,5
USHAMART,2026-06-29,2026-06-29 09:15:00,473.1,1.04,488.15,476.65,488.64,476.65,506.62,204,99682.56,2445.96,2026-07-02,2026-07-02 15:15:00,501.7,TIME_EXIT,2664.24,1.09,3
VTL,2026-06-01,2026-06-01 09:15:00,577.15,4.98,622.0,602.45,622.62,602.45,652.88,123,76582.26,2480.91,2026-06-02,2026-06-02 09:15:00,602.45,SL_HIT,-2480.91,-1.0,1
VEDL,2026-05-14,2026-05-14 09:15:00,323.35,1.75,335.95,325.1,336.29,325.1,353.08,223,74992.67,2495.37,2026-05-15,2026-05-15 09:15:00,325.1,SL_HIT,-2495.37,-1.0,1
VIJAYA,2026-06-05,2026-06-05 09:15:00,1359.4,1.04,1427.8,1365.2,1429.23,1365.2,1525.28,39,55739.97,2497.17,2026-06-08,2026-06-08 09:15:00,1365.2,SL_HIT,-2497.17,-1.0,3
WELCORP,2026-06-23,2026-06-23 09:15:00,1404.4,1.03,1439.0,1409.5,1440.44,1409.5,1486.85,69,99390.36,2134.86,2026-06-24,2026-06-24 09:15:00,1409.5,SL_HIT,-2134.86,-1.0,1
WELCORP,2026-06-25,2026-06-25 09:15:00,1406.0,1.06,1434.0,1410.1,1435.43,1410.1,1473.43,69,99044.67,1747.77,2026-06-29,2026-06-29 09:15:00,1473.43,TP_HIT,2622.0,1.5,4
WELSPUNLIV,2026-06-01,2026-06-01 09:15:00,137.97,3.45,145.9,141.78,146.05,141.78,152.46,585,85439.25,2497.95,2026-06-02,2026-06-02 09:15:00,141.78,SL_HIT,-2497.95,-1.0,1
WELSPUNLIV,2026-06-18,2026-06-18 09:15:00,146.65,1.6,153.21,147.81,153.36,147.81,161.69,450,69012.0,2497.5,2026-06-19,2026-06-19 09:15:00,161.69,TP_HIT,3748.5,1.5,1
WOCKPHARMA,2026-05-06,2026-05-06 09:15:00,1537.0,1.8,1665.0,1558.6,1666.66,1558.6,1828.75,23,38333.18,2485.38,2026-05-11,2026-05-11 15:15:00,1626.0,TIME_EXIT,-935.18,-0.38,5
ZFCVINDIA,2026-05-15,2026-05-15 09:15:00,2353.0,1.27,2448.0,2362.0,2450.45,2362.0,2583.12,28,68612.6,2476.6,2026-05-18,2026-05-18 15:15:00,2394.0,TIME_EXIT,-1580.6,-0.64,3
ZFCVINDIA,2026-06-23,2026-06-23 09:15:00,2599.0,1.96,2708.0,2618.0,2710.71,2618.0,2849.78,26,70478.46,2410.46,2026-06-24,2026-06-24 09:15:00,2849.78,TP_HIT,3615.82,1.5,1
ZEEL,2026-06-01,2026-06-01 09:15:00,93.11,1.06,98.44,92.54,98.54,92.54,107.54,416,40992.64,2496.0,2026-06-03,2026-06-03 11:15:00,92.54,SL_HIT,-2496.0,-1.0,2
ZEEL,2026-06-05,2026-06-05 09:15:00,104.42,2.47,111.6,106.12,111.71,106.12,120.09,447,49934.37,2498.73,2026-06-08,2026-06-08 15:15:00,110.1,TIME_EXIT,-719.67,-0.29,3
ZEEL,2026-06-12,2026-06-12 09:15:00,111.45,1.56,114.95,111.22,115.06,111.22,120.82,651,74904.06,2499.84,2026-06-15,2026-06-15 09:15:00,111.22,SL_HIT,-2499.84,-1.0,3
ZEEL,2026-07-01,2026-07-01 09:15:00,103.51,1.44,111.0,104.6,111.11,104.6,120.88,384,42666.24,2499.84,2026-07-02,2026-07-02 09:15:00,104.6,SL_HIT,-2499.84,-1.0,1
ZENTEC,2026-05-07,2026-05-07 09:15:00,1567.2,1.14,1656.8,1575.6,1658.46,1575.6,1782.75,30,49753.8,2485.8,2026-05-11,2026-05-11 13:15:00,1575.6,SL_HIT,-2485.8,-1.0,4
ZYDUSLIFE,2026-05-14,2026-05-14 09:15:00,939.25,3.06,984.5,961.1,985.48,961.1,1022.05,101,99533.48,2462.38,2026-05-18,2026-05-18 15:15:00,992.0,TIME_EXIT,658.52,0.27,4
ZYDUSLIFE,2026-05-20,2026-05-20 09:15:00,1018.9,4.64,1093.65,1043.75,1094.74,1043.75,1171.22,49,53642.26,2498.51,2026-05-21,2026-05-21 09:15:00,1043.75,SL_HIT,-2498.51,-1.0,1
